airport,year,ops_origin,months_origin,dep_ontime_pct,dep_delayed_pct,dep_cancelled_pct,dep_diverted_pct,avg_dep_delay_min_delayed_only,avg_dep_delay_minutes_all_operated,origin_cause_total_min,origin_cause_carrier_share_pct,origin_cause_weather_share_pct,origin_cause_nas_share_pct,origin_cause_security_share_pct,origin_cause_late_aircraft_share_pct,ops_dest,months_dest,arr_ontime_pct,arr_delayed_pct,arr_cancelled_pct,arr_diverted_pct,avg_arr_delay_min_delayed_only,avg_arr_delay_minutes_all_operated,dest_cause_total_min,dest_cause_carrier_share_pct,dest_cause_weather_share_pct,dest_cause_nas_share_pct,dest_cause_security_share_pct,dest_cause_late_aircraft_share_pct
PIT,2016,25299,12,86.82,12.14,1.04,0.22,63.77,8.69,173978.0,37.38,3.49,15.15,0.06,43.92,25301,12,82.46,16.48,0.96,0.1,57.53,10.62,239900.0,38.6,4.83,11.81,0.25,44.52
PIT,2017,28411,12,85.35,13.4,1.24,0.19,65.13,9.71,222788.0,30.92,2.8,17.96,0.0,48.32,28413,12,81.15,17.63,1.13,0.09,59.38,11.61,297447.0,39.11,4.27,12.58,0.19,43.85
PIT,2018,49113,12,82.98,15.05,1.95,0.23,70.82,11.69,495521.0,26.71,5.03,26.41,0.12,41.73,49115,12,79.63,18.41,1.9,0.04,60.98,12.46,551441.0,33.25,5.56,15.34,0.2,45.65
PIT,2019,50401,12,83.13,15.06,1.81,0.2,76.91,12.51,545140.0,24.55,2.91,27.64,0.1,44.8,50399,12,79.96,18.12,1.79,0.13,65.77,13.06,600660.0,32.25,6.19,15.08,0.21,46.27
PIT,2020,29048,12,86.94,6.74,6.32,0.12,71.63,5.54,126650.0,38.99,5.52,19.6,0.04,35.85,29038,12,84.89,8.8,6.26,0.06,56.61,5.97,144589.0,38.91,4.96,18.24,0.39,37.49
PIT,2021,32620,12,85.74,12.87,1.39,0.24,72.99,10.26,272822.0,39.03,7.8,13.43,0.27,39.48,32628,12,80.17,18.33,1.39,0.11,62.61,12.66,374394.0,40.38,6.94,13.24,0.3,39.14
PIT,2022,40471,12,80.98,15.72,3.3,0.21,72.16,12.54,433805.0,34.83,6.86,19.68,0.11,38.52,40480,12,75.02,21.51,3.38,0.09,64.56,15.41,562044.0,39.14,5.34,12.8,0.24,42.47
PIT,2023,42130,12,84.19,14.47,1.34,0.17,73.24,11.52,412631.0,34.02,4.88,18.95,0.32,41.84,42132,12,79.09,19.37,1.4,0.14,63.67,13.48,519648.0,35.04,5.27,14.74,0.16,44.79
PIT,2024,43831,12,82.43,16.14,1.42,0.16,75.24,13.15,498390.0,30.13,3.82,22.54,0.13,43.38,43831,12,77.84,20.56,1.51,0.1,67.71,15.11,610147.0,33.8,5.1,14.83,0.25,46.02
PIT,2025,43176,12,81.71,16.83,1.46,0.19,75.54,13.75,527627.0,28.98,5.69,25.64,0.13,39.56,43169,12,76.11,22.26,1.55,0.08,68.41,16.48,657373.0,31.11,5.4,15.62,0.07,47.79
BOS,2016,121260,12,81.19,17.57,1.24,0.3,62.32,12.16,1170955.0,33.37,4.13,23.94,0.23,38.33,121253,12,78.02,20.62,1.26,0.1,60.09,13.61,1502591.0,27.45,4.19,27.77,0.16,40.43
BOS,2017,125456,12,77.4,20.47,2.12,0.32,70.84,15.78,1652080.0,29.53,3.67,22.97,0.19,43.64,125452,12,74.63,23.12,2.14,0.1,69.32,17.29,2010881.0,22.56,3.86,35.37,0.07,38.14
BOS,2018,148191,12,76.39,21.0,2.59,0.26,68.23,15.68,1928119.0,32.88,3.61,21.88,0.11,41.52,148180,12,74.03,23.27,2.6,0.1,68.31,17.31,2355148.0,24.01,3.95,32.47,0.11,39.46
BOS,2019,150564,12,77.08,20.87,2.06,0.3,77.62,17.4,2260934.0,32.18,4.64,21.16,0.07,41.94,150554,12,74.35,23.51,1.99,0.15,78.6,19.7,2782509.0,24.5,3.85,33.34,0.06,38.25
BOS,2020,74276,12,85.62,8.07,6.31,0.17,63.43,5.95,333638.0,45.76,6.31,21.32,0.1,26.52,74298,12,84.77,8.78,6.36,0.08,61.14,6.31,398853.0,39.37,4.7,20.39,0.27,35.26
BOS,2021,90118,12,85.13,13.55,1.32,0.3,67.74,10.1,692487.0,50.42,3.68,15.22,0.17,30.51,90101,12,82.39,16.1,1.38,0.14,68.95,12.14,1000052.0,44.87,4.98,13.8,0.35,35.99
BOS,2022,136476,12,75.65,21.06,3.3,0.26,72.57,16.78,1902778.0,45.13,3.88,16.99,0.13,33.87,136479,12,73.77,22.76,3.34,0.13,73.34,18.23,2278292.0,38.84,3.45,18.85,0.11,38.75
BOS,2023,140517,12,76.21,21.99,1.8,0.3,76.07,18.0,2118386.0,42.49,3.96,16.5,0.19,36.86,140523,12,74.52,23.38,1.84,0.26,78.4,19.67,2576093.0,34.34,3.62,21.66,0.18,40.21
BOS,2024,143490,12,78.71,19.84,1.45,0.25,73.68,15.72,1885246.0,39.06,3.64,17.94,0.17,39.19,143491,12,75.97,22.41,1.43,0.19,75.54,18.09,2429627.0,32.08,3.75,26.47,0.1,37.59
BOS,2025,142859,12,75.99,22.34,1.68,0.26,75.59,18.06,2216468.0,31.02,2.91,20.95,0.09,45.03,142850,12,72.57,25.63,1.66,0.14,75.49,20.57,2763976.0,25.49,3.54,35.29,0.09,35.59
JFK,2016,97751,12,77.7,21.06,1.24,0.32,68.68,15.72,1268136.0,40.05,8.57,17.7,0.58,33.09,97726,12,76.78,21.62,1.32,0.28,71.46,16.68,1509759.0,26.82,2.91,33.07,0.2,36.99
JFK,2017,94454,12,75.64,22.16,2.2,0.34,75.52,18.02,1443251.0,36.35,5.76,21.35,0.32,36.22,94419,12,72.8,24.62,2.32,0.27,83.75,21.98,1946640.0,20.71,2.54,45.48,0.16,31.11
JFK,2018,129652,12,78.72,18.58,2.65,0.27,73.65,14.91,1595729.0,37.16,7.5,20.58,0.19,34.58,129653,12,75.74,21.17,2.73,0.34,77.74,17.88,2134054.0,23.39,4.55,37.66,0.13,34.27
JFK,2019,127145,12,79.79,18.61,1.6,0.28,79.67,15.9,1722115.0,37.41,6.1,23.09,0.17,33.23,127130,12,78.26,19.8,1.63,0.3,83.19,17.62,2094560.0,27.83,3.41,32.33,0.16,36.27
JFK,2020,57094,12,85.44,8.37,6.18,0.17,64.64,6.32,263895.0,56.25,6.31,14.52,0.46,22.46,57030,12,84.37,9.24,6.25,0.14,68.22,7.37,359515.0,44.32,2.72,20.52,0.23,32.2
JFK,2021,82657,12,80.66,18.05,1.29,0.26,73.42,14.36,903058.0,57.86,5.85,13.71,0.55,22.03,82662,12,79.91,18.36,1.36,0.37,78.75,15.63,1195331.0,43.12,4.9,17.87,0.52,33.59
JFK,2022,136581,12,71.63,24.8,3.57,0.24,74.45,20.13,2282545.0,52.21,3.54,13.6,0.18,30.47,136554,12,71.79,24.26,3.69,0.26,76.71,20.43,2541679.0,36.79,3.6,23.25,0.17,36.18
JFK,2023,133048,12,75.19,22.51,2.3,0.28,77.71,18.81,2087782.0,48.69,4.02,15.72,0.18,31.39,133055,12,74.25,23.11,2.37,0.27,83.86,20.87,2578710.0,35.91,4.52,22.91,0.15,36.5
JFK,2024,123348,12,78.32,19.82,1.86,0.23,75.83,16.17,1685565.0,45.93,3.56,17.38,0.22,32.91,123334,12,77.03,20.74,1.91,0.32,83.7,18.65,2140887.0,37.5,4.41,23.21,0.11,34.76
JFK,2025,104760,12,77.33,20.65,2.02,0.26,78.88,17.47,1631157.0,35.89,3.82,20.76,0.27,39.26,104693,12,75.48,22.12,2.05,0.36,82.16,19.47,1902343.0,30.8,3.8,31.45,0.16,33.79
DCA,2016,77802,12,82.64,15.13,2.23,0.24,65.89,11.1,733288.0,27.18,6.56,19.22,0.07,46.97,77797,12,78.96,18.61,2.15,0.28,58.31,12.25,844186.0,29.88,5.87,29.04,0.14,35.07
DCA,2017,74408,12,82.3,15.7,2.0,0.22,70.29,12.12,762171.0,28.81,4.71,20.9,0.06,45.51,74401,12,79.88,17.97,1.88,0.28,59.84,12.02,799945.0,30.27,5.05,25.05,0.18,39.45
DCA,2018,132516,12,79.49,17.59,2.91,0.22,71.43,13.81,1552807.0,27.65,5.13,16.7,0.1,50.41,132518,12,77.84,18.9,2.83,0.43,64.84,13.68,1623784.0,26.76,4.82,25.26,0.16,43.0
DCA,2019,139388,12,79.78,17.76,2.46,0.24,75.22,14.45,1785486.0,26.38,5.85,17.75,0.08,49.95,139393,12,78.62,18.56,2.51,0.32,70.03,14.26,1811217.0,28.88,3.98,22.09,0.1,44.94
DCA,2020,65432,12,83.8,8.5,7.7,0.15,73.57,7.19,369502.0,34.44,3.61,11.44,0.16,50.35,65426,12,83.2,8.87,7.71,0.22,67.3,7.05,390623.0,38.57,3.05,15.99,0.17,42.22
DCA,2021,82229,12,84.38,14.16,1.46,0.22,71.23,10.98,747792.0,35.78,5.63,11.54,0.23,46.82,82245,12,83.42,14.81,1.48,0.3,67.7,11.02,824470.0,35.88,5.42,17.13,0.36,41.21
DCA,2022,142302,12,75.21,20.84,3.95,0.27,70.26,16.22,1937154.0,34.65,4.9,12.11,0.2,48.14,142320,12,73.94,21.77,3.93,0.36,69.79,16.97,2162541.0,31.88,4.93,21.51,0.12,41.55
DCA,2023,140005,12,81.63,16.86,1.51,0.25,74.37,13.55,1598363.0,33.31,4.64,13.06,0.16,48.83,140010,12,80.13,18.03,1.49,0.35,73.93,14.52,1865616.0,33.01,5.26,19.28,0.18,42.27
DCA,2024,140016,12,79.16,19.25,1.59,0.23,77.3,15.97,1929238.0,29.03,6.2,12.63,0.11,52.02,140015,12,77.7,20.36,1.55,0.38,77.92,17.16,2221473.0,31.3,5.24,18.01,0.21,45.24
DCA,2025,142506,12,71.6,24.54,3.86,0.23,79.17,21.11,2654006.0,26.47,5.92,13.77,0.15,53.67,142554,12,68.55,27.14,3.78,0.54,81.01,23.98,3133978.0,25.92,6.34,27.61,0.11,40.03
ORD,2016,244082,12,76.86,21.52,1.62,0.26,66.14,15.54,3124526.0,33.41,7.06,16.42,0.05,43.06,243889,12,79.61,18.39,1.76,0.24,71.92,14.47,3225362.0,25.05,4.05,36.53,0.08,34.29
ORD,2017,266460,12,79.69,18.91,1.4,0.25,69.1,14.1,3256672.0,35.83,5.76,17.74,0.05,40.62,266377,12,80.82,17.46,1.47,0.25,77.38,14.7,3599611.0,28.5,4.32,28.94,0.1,38.15
ORD,2018,332952,12,77.54,20.32,2.14,0.27,68.81,15.13,4583930.0,30.7,7.77,17.53,0.06,43.94,332942,12,77.22,20.18,2.29,0.31,77.91,17.14,5234855.0,24.52,5.79,33.42,0.08,36.18
ORD,2019,339606,12,75.09,21.8,3.11,0.27,73.38,17.38,5249942.0,30.9,7.44,16.22,0.03,45.42,339569,12,74.68,21.81,3.24,0.27,86.01,20.38,6369681.0,24.03,5.62,35.6,0.05,34.7
ORD,2020,189639,12,84.66,9.15,6.18,0.18,65.29,6.89,1000187.0,41.16,10.89,13.62,0.09,34.23,189598,12,84.66,9.02,6.22,0.09,78.36,8.12,1340050.0,39.45,7.43,26.26,0.1,26.76
ORD,2021,240953,12,80.82,17.25,1.93,0.26,70.18,13.28,2600779.0,37.62,9.09,9.25,0.14,43.9,240928,12,81.75,15.97,2.03,0.25,82.42,14.31,3171615.0,36.23,7.01,23.52,0.2,33.04
ORD,2022,260571,12,77.87,19.38,2.75,0.23,70.07,14.97,3220771.0,37.64,7.88,11.34,0.08,43.07,260587,12,79.24,17.66,2.86,0.24,80.29,15.53,3695352.0,37.35,6.83,19.64,0.18,35.99
ORD,2023,258867,12,79.04,19.74,1.22,0.25,71.19,15.24,3349583.0,37.9,6.1,11.92,0.11,43.97,258843,12,79.37,19.06,1.34,0.24,78.22,16.14,3858778.0,38.81,5.63,18.9,0.17,36.48
ORD,2024,280052,12,76.79,21.85,1.35,0.27,76.21,17.9,4356295.0,33.24,8.11,14.07,0.1,44.48,280009,12,77.89,20.37,1.45,0.28,80.54,17.65,4594662.0,33.52,6.53,21.06,0.13,38.76
ORD,2025,327028,12,73.66,24.61,1.73,0.29,77.67,20.5,5883809.0,31.67,9.42,15.53,0.06,43.31,327011,12,73.04,24.85,1.84,0.27,83.49,22.27,6783237.0,30.41,6.96,27.62,0.06,34.95
DTW,2016,123959,12,84.46,14.79,0.76,0.21,71.84,11.48,1196380.0,45.29,4.74,18.98,0.07,30.91,124127,12,85.43,13.71,0.76,0.11,77.04,11.49,1310991.0,39.46,4.18,16.49,0.1,39.78
DTW,2017,126609,12,83.37,15.69,0.94,0.22,73.28,12.39,1304809.0,45.96,5.96,17.8,0.1,30.19,126699,12,84.4,14.48,1.01,0.11,80.62,12.66,1479476.0,37.26,5.29,16.0,0.15,41.31
DTW,2018,157518,12,84.18,14.81,0.97,0.26,71.74,11.49,1524079.0,37.95,8.99,21.41,0.05,31.6,157488,12,84.19,14.72,0.96,0.12,74.63,11.96,1730209.0,31.97,7.91,18.1,0.1,41.92
DTW,2019,161768,12,83.01,15.93,1.06,0.27,75.76,12.98,1779835.0,38.75,11.52,19.84,0.19,29.7,161741,12,83.68,15.12,1.04,0.15,78.49,12.86,1920005.0,31.83,9.39,16.29,0.11,42.38
DTW,2020,109203,12,88.08,7.99,3.93,0.14,65.91,5.97,500974.0,58.22,12.11,13.62,0.07,15.98,109201,12,88.03,7.94,3.97,0.06,73.74,6.74,639101.0,50.9,11.81,14.49,0.3,22.5
DTW,2021,128937,12,87.03,12.12,0.85,0.2,72.83,9.67,1009109.0,58.87,12.97,10.63,0.22,17.31,128909,12,86.51,12.51,0.86,0.12,76.13,10.44,1228116.0,52.14,9.5,12.49,0.4,25.47
DTW,2022,126387,12,81.4,16.53,2.07,0.18,73.46,13.26,1378498.0,60.95,9.67,10.71,0.16,18.5,126389,12,81.84,16.0,2.1,0.06,79.76,13.86,1612864.0,51.01,9.53,10.47,0.27,28.71
DTW,2023,126072,12,81.88,16.95,1.17,0.2,70.74,13.0,1336797.0,52.24,8.33,12.64,0.19,26.6,126059,12,82.51,16.19,1.18,0.12,77.87,13.6,1589432.0,44.33,8.23,13.45,0.19,33.8
DTW,2024,131367,12,80.8,18.17,1.03,0.22,75.01,14.6,1654217.0,54.3,8.62,13.9,0.13,23.05,131360,12,81.02,17.79,1.07,0.13,79.99,15.24,1869401.0,46.92,8.31,13.66,0.13,30.98
DTW,2025,122533,12,79.33,19.56,1.11,0.24,77.43,16.17,1760993.0,52.32,8.05,18.48,0.09,21.06,122532,12,79.51,19.25,1.14,0.11,81.7,16.77,1926693.0,44.98,9.46,14.57,0.11,30.89
