airport,date,year,month,dep_flights,dep_cancelled,dep_diverted,dep_delayed15,dep_cancel_rate,dep_delay15_rate,avg_dep_delay,arr_flights,arr_cancelled,arr_diverted,arr_delayed15,arr_cancel_rate,arr_delay15_rate,avg_arr_delay,avg_taxi_out,avg_taxi_in,carrier_delay_min,weather_delay_min,nas_delay_min,security_delay_min,late_aircraft_delay_min,disruption_score
JFK,2022-01-29,2022,1,355,334,0,21,0.9408,1.0,179.14,353,315,1,34,0.8924,0.8947,130.84,38.67,42.5,202.0,2528.0,138.0,0.0,712.0,2.8816
DCA,2022-01-03,2022,1,387,366,0,11,0.9457,0.5238,120.76,388,341,21,13,0.8789,0.2766,46.38,44.43,12.59,123.0,1414.0,424.0,0.0,920.0,2.4152
BOS,2019-01-20,2019,1,290,226,0,48,0.7793,0.75,104.7,299,184,6,72,0.6154,0.6261,68.44,61.36,27.96,1297.0,4009.0,2203.0,0.0,1305.0,2.3086
JFK,2018-01-04,2018,1,319,299,1,4,0.9373,0.2,93.1,323,280,25,15,0.8669,0.3488,150.72,60.95,46.95,8.0,117.0,424.0,0.0,10.0,2.0746
JFK,2016-01-24,2016,1,274,185,0,62,0.6752,0.6966,55.69,269,141,0,56,0.5242,0.4375,33.88,24.17,13.79,610.0,2439.0,160.0,0.0,825.0,2.047
BOS,2022-01-29,2022,1,246,246,0,0,1.0,,,246,246,0,0,1.0,,,,,0.0,0.0,0.0,0.0,0.0,2.0
DCA,2016-01-23,2016,1,155,155,0,0,1.0,,,152,152,0,0,1.0,,,,,0.0,0.0,0.0,0.0,0.0,2.0
DCA,2016-01-24,2016,1,205,205,0,0,1.0,,,209,207,2,0,0.9904,0.0,,,,0.0,0.0,0.0,0.0,0.0,2.0
JFK,2016-01-23,2016,1,225,225,0,0,1.0,,,225,222,0,2,0.9867,0.6667,392.0,,24.33,0.0,0.0,0.0,0.0,0.0,2.0
ORD,2019-01-30,2019,1,848,561,18,186,0.6616,0.6481,66.86,844,545,0,128,0.6457,0.4281,31.7,19.16,19.01,867.0,9818.0,927.0,0.0,3957.0,1.9713
DTW,2022-12-23,2022,12,327,186,2,112,0.5688,0.7943,106.12,327,168,0,113,0.5138,0.7107,92.97,39.26,24.96,6366.0,3879.0,2087.0,0.0,4029.0,1.9319
BOS,2018-01-04,2018,1,355,328,1,2,0.9239,0.0741,0.33,354,350,0,3,0.9887,0.75,535.5,17.89,7.0,77.0,0.0,24.0,0.0,0.0,1.9219
ORD,2019-01-19,2019,1,678,408,2,176,0.6018,0.6519,106.49,679,364,13,253,0.5361,0.8032,224.28,31.54,13.42,4108.0,5744.0,4307.0,0.0,14823.0,1.8555
ORD,2019-01-28,2019,1,891,463,2,335,0.5196,0.7827,113.09,889,443,25,388,0.4983,0.87,199.7,43.66,19.45,7362.0,11412.0,10014.0,0.0,26286.0,1.8219
JFK,2022-01-30,2022,1,374,207,0,107,0.5535,0.6407,101.29,375,141,3,113,0.376,0.4829,57.42,25.07,24.53,7559.0,1937.0,428.0,46.0,5145.0,1.7477
ORD,2024-01-12,2024,1,687,334,5,269,0.4862,0.762,99.68,687,326,10,261,0.4745,0.723,98.97,38.35,17.64,7017.0,7926.0,7416.0,0.0,17583.0,1.7344
BOS,2022-01-30,2022,1,339,219,0,53,0.646,0.4417,49.67,340,122,0,98,0.3588,0.4495,65.56,22.02,9.47,2845.0,67.0,312.0,0.0,2282.0,1.7337
DCA,2019-01-13,2019,1,386,209,1,115,0.5415,0.6497,107.81,383,163,23,109,0.4256,0.4955,77.1,59.3,30.56,3002.0,9924.0,5355.0,0.0,6100.0,1.7327
ORD,2019-01-31,2019,1,890,553,1,162,0.6213,0.4807,43.01,889,528,0,128,0.5939,0.3546,22.51,28.27,17.64,2871.0,4850.0,2766.0,0.0,4685.0,1.7233
BOS,2022-01-07,2022,1,345,159,2,141,0.4609,0.7581,82.07,342,135,0,150,0.3947,0.7246,69.39,47.14,8.63,4145.0,4701.0,4246.0,0.0,5590.0,1.6799
BOS,2018-01-05,2018,1,357,163,0,145,0.4566,0.7474,92.06,357,71,0,195,0.1989,0.6818,70.65,24.27,10.35,5981.0,557.0,1220.0,0.0,8989.0,1.6606
JFK,2018-01-05,2018,1,322,111,3,197,0.3447,0.9336,153.42,321,100,1,193,0.3115,0.8733,142.19,65.16,39.16,10719.0,7874.0,10565.0,41.0,8235.0,1.623
BOS,2019-01-21,2019,1,389,166,3,167,0.4267,0.7489,154.28,391,141,6,225,0.3606,0.9,255.43,39.78,15.87,6922.0,5167.0,6097.0,15.0,17781.0,1.6023
JFK,2020-04-01,2020,4,264,193,0,8,0.7311,0.1127,6.2,271,193,0,5,0.7122,0.0641,-23.35,14.92,6.19,453.0,0.0,0.0,0.0,47.0,1.5749
ORD,2022-12-23,2022,12,707,255,5,381,0.3607,0.8429,114.96,707,202,1,336,0.2857,0.6653,76.12,27.46,20.05,9644.0,22383.0,3786.0,12.0,16848.0,1.5643
JFK,2020-04-02,2020,4,210,151,0,7,0.719,0.1186,0.51,207,147,0,4,0.7101,0.0667,-18.58,16.24,5.92,167.0,0.0,0.0,0.0,55.0,1.5566
ORD,2019-07-18,2019,7,1030,358,2,567,0.3476,0.8438,135.68,1033,341,27,556,0.3301,0.8035,177.14,23.63,25.64,14311.0,17292.0,9257.0,0.0,47957.0,1.539
ORD,2020-01-11,2020,1,649,372,2,106,0.5732,0.3827,36.76,655,390,8,156,0.5954,0.5887,128.59,31.21,10.92,2986.0,2249.0,3234.0,0.0,4149.0,1.5291
JFK,2020-04-03,2020,4,210,146,0,5,0.6952,0.0781,-2.91,213,148,0,3,0.6948,0.0462,-19.55,14.05,6.63,70.0,0.0,0.0,0.0,0.0,1.4685
DCA,2024-01-16,2024,1,403,164,1,155,0.4069,0.6485,73.06,401,180,0,139,0.4489,0.629,86.68,34.63,11.01,4300.0,3932.0,4737.0,0.0,8031.0,1.4623
BOS,2019-01-22,2019,1,393,123,0,224,0.313,0.8296,127.69,393,112,3,225,0.285,0.8007,117.65,29.89,11.68,10202.0,2618.0,2933.0,85.0,18574.0,1.4556
DCA,2024-01-19,2024,1,408,113,1,261,0.277,0.8847,110.59,408,114,8,212,0.2794,0.7211,90.79,48.4,12.66,3582.0,12339.0,7626.0,11.0,16032.0,1.4387
JFK,2023-07-16,2023,7,361,154,3,119,0.4266,0.5749,77.32,361,154,0,123,0.4266,0.5942,84.58,50.6,16.73,5588.0,67.0,9787.0,0.0,4844.0,1.4281
ORD,2022-01-01,2022,1,609,302,3,123,0.4959,0.4007,35.28,611,332,4,97,0.5434,0.3477,32.1,33.22,12.81,6681.0,2024.0,3484.0,8.0,2240.0,1.3925
JFK,2020-04-06,2020,4,155,93,0,11,0.6,0.1774,5.35,152,101,0,8,0.6645,0.1569,-9.69,14.47,6.0,221.0,0.0,35.0,0.0,134.0,1.3774
DTW,2022-12-24,2022,12,252,77,0,134,0.3056,0.7657,82.16,261,82,1,118,0.3142,0.6592,68.66,38.81,15.77,8790.0,2193.0,2419.0,0.0,2625.0,1.3769
JFK,2022-06-16,2022,6,387,113,1,215,0.292,0.7847,123.12,388,93,0,245,0.2397,0.8305,161.84,47.21,23.59,11476.0,866.0,9670.0,11.0,16493.0,1.3687
DCA,2022-01-16,2022,1,383,189,3,69,0.4935,0.3557,50.47,384,196,9,74,0.5104,0.3936,35.65,32.0,13.2,1756.0,4569.0,2686.0,0.0,3189.0,1.3427
PIT,2020-04-06,2020,4,109,58,0,14,0.5321,0.2745,19.14,109,54,0,11,0.4954,0.2,3.33,10.98,5.2,551.0,0.0,38.0,0.0,376.0,1.3387
BOS,2020-04-02,2020,4,303,192,0,7,0.6337,0.0631,-3.41,308,191,0,4,0.6201,0.0342,-14.34,14.21,5.65,210.0,0.0,0.0,0.0,0.0,1.3305
BOS,2020-04-03,2020,4,304,190,0,7,0.625,0.0614,-3.46,307,191,0,9,0.6221,0.0776,-10.17,12.69,6.49,97.0,0.0,0.0,0.0,61.0,1.3114
DCA,2024-01-15,2024,1,408,138,1,171,0.3382,0.6333,92.24,408,114,28,191,0.2794,0.6497,102.5,64.89,38.84,2212.0,12882.0,12726.0,0.0,9158.0,1.3097
ORD,2024-01-15,2024,1,666,154,4,428,0.2312,0.8359,101.1,669,164,1,301,0.2451,0.596,76.46,20.18,18.42,16644.0,13777.0,2868.0,103.0,16141.0,1.2983
DCA,2022-01-04,2022,1,380,97,0,218,0.2553,0.7703,68.93,384,85,7,214,0.2214,0.7157,66.15,29.19,30.79,6518.0,2677.0,1801.0,40.0,8179.0,1.2809
PIT,2022-12-24,2022,12,90,21,0,56,0.2333,0.8116,88.59,91,22,0,44,0.2418,0.6377,88.74,29.8,9.54,1987.0,1120.0,862.0,0.0,2620.0,1.2782
ORD,2021-01-31,2021,1,424,117,0,222,0.2759,0.7231,72.69,424,102,0,249,0.2406,0.7733,119.03,37.8,17.88,3628.0,4547.0,3580.0,0.0,12618.0,1.2749
BOS,2020-04-01,2020,4,326,188,0,15,0.5767,0.1087,6.4,329,198,0,5,0.6018,0.0382,-14.94,12.15,6.89,1073.0,44.0,2.0,0.0,118.0,1.2621
ORD,2022-01-02,2022,1,746,261,0,258,0.3499,0.532,35.16,744,221,0,252,0.297,0.4818,33.96,26.81,15.61,6792.0,2053.0,3062.0,0.0,5701.0,1.2318
BOS,2020-04-06,2020,4,238,126,0,19,0.5294,0.1696,8.0,236,134,0,11,0.5678,0.1078,-16.41,13.38,6.12,928.0,0.0,1.0,0.0,191.0,1.2284
DCA,2016-01-25,2016,1,228,97,0,49,0.4254,0.374,16.48,227,53,1,39,0.2335,0.2241,5.46,15.9,6.44,527.0,19.0,38.0,42.0,753.0,1.2248
JFK,2023-07-09,2023,7,359,147,0,84,0.4095,0.3962,66.92,359,150,8,80,0.4178,0.3828,72.01,34.51,13.91,3916.0,2318.0,7595.0,0.0,2644.0,1.2152
DCA,2020-04-02,2020,4,343,193,0,13,0.5627,0.0867,-1.53,344,195,0,4,0.5669,0.0268,-18.38,12.91,4.62,589.0,0.0,21.0,0.0,65.0,1.2121
JFK,2020-04-07,2020,4,122,70,0,3,0.5738,0.0577,-1.79,123,74,0,1,0.6016,0.0204,-27.04,12.92,6.29,277.0,0.0,55.0,0.0,0.0,1.2053
PIT,2022-12-23,2022,12,121,37,1,49,0.3058,0.5833,55.67,121,40,0,56,0.3306,0.6914,57.01,45.82,9.22,710.0,2701.0,2476.0,0.0,1145.0,1.1949
BOS,2023-07-16,2023,7,408,112,3,190,0.2745,0.6419,80.29,409,120,9,198,0.2934,0.6851,107.99,38.99,10.13,6037.0,1158.0,12053.0,7.0,9951.0,1.1909
ORD,2019-01-22,2019,1,838,282,1,286,0.3365,0.5144,67.55,840,272,10,335,0.3238,0.5898,120.24,29.41,14.11,5733.0,9045.0,7072.0,0.0,19210.0,1.1874
DCA,2020-04-06,2020,4,282,151,0,15,0.5355,0.1145,0.18,284,144,0,24,0.507,0.1714,-5.66,12.22,4.85,321.0,0.0,0.0,0.0,380.0,1.1855
JFK,2020-04-10,2020,4,109,59,0,5,0.5413,0.1,-2.04,107,54,0,4,0.5047,0.0755,-19.92,15.68,6.26,151.0,0.0,22.0,0.0,0.0,1.1826
DTW,2019-01-23,2019,1,424,92,1,245,0.217,0.738,109.64,421,139,0,169,0.3302,0.5993,78.32,23.31,10.07,8882.0,12844.0,2427.0,0.0,10764.0,1.172
ORD,2024-01-14,2024,1,613,124,4,375,0.2023,0.7669,109.25,611,108,4,286,0.1768,0.5686,58.92,23.37,30.06,15450.0,15164.0,3690.0,0.0,18107.0,1.1715
JFK,2023-06-26,2023,6,367,128,2,113,0.3488,0.4728,60.24,363,111,7,153,0.3058,0.6071,70.51,49.35,17.47,5027.0,1236.0,7976.0,4.0,5241.0,1.1704
BOS,2020-04-07,2020,4,188,104,0,5,0.5532,0.0595,-3.7,187,104,0,1,0.5561,0.012,-23.1,13.36,5.78,219.0,0.0,0.0,0.0,2.0,1.1659
DCA,2020-04-04,2020,4,249,139,0,5,0.5582,0.0455,-6.14,248,141,0,3,0.5685,0.028,-16.46,11.03,4.38,144.0,0.0,0.0,0.0,4.0,1.1619
JFK,2022-12-24,2022,12,251,54,0,142,0.2151,0.7208,78.69,252,66,0,119,0.2619,0.6398,74.4,22.45,17.65,7251.0,1588.0,747.0,0.0,4602.0,1.151
JFK,2022-01-07,2022,1,359,127,0,101,0.3538,0.4353,30.44,357,89,0,102,0.2493,0.3806,25.04,33.7,17.9,3173.0,509.0,2339.0,56.0,2432.0,1.1429
JFK,2020-04-04,2020,4,131,70,0,4,0.5344,0.0656,-0.56,130,67,0,0,0.5154,0.0,-26.6,16.82,7.3,340.0,0.0,0.0,0.0,0.0,1.1344
JFK,2017-01-07,2017,1,234,58,4,111,0.2479,0.6307,96.32,227,59,5,128,0.2599,0.7619,152.79,50.7,25.68,1109.0,10453.0,5923.0,0.0,4452.0,1.1265
DTW,2024-01-12,2024,1,320,116,1,81,0.3625,0.3971,129.38,319,88,28,67,0.2759,0.29,40.55,33.49,25.39,5319.0,19377.0,3293.0,0.0,1477.0,1.1221
DCA,2023-01-11,2023,1,418,84,0,238,0.201,0.7126,88.66,417,83,2,235,0.199,0.7036,89.04,21.21,8.99,5578.0,16.0,8273.0,0.0,14142.0,1.1146
DCA,2020-04-05,2020,4,305,169,0,0,0.5541,0.0,-9.46,306,170,0,2,0.5556,0.0147,-20.59,11.68,4.9,0.0,0.0,0.0,0.0,0.0,1.1082
JFK,2023-06-27,2023,6,361,112,1,121,0.3102,0.4859,68.78,360,119,0,123,0.3306,0.5104,82.83,43.78,13.67,10881.0,175.0,6794.0,0.0,2654.0,1.1063
ORD,2023-07-12,2023,7,751,156,3,407,0.2077,0.684,62.58,752,148,27,421,0.1968,0.697,70.26,31.14,16.46,8132.0,6300.0,8305.0,0.0,18462.0,1.0994
ORD,2020-04-06,2020,4,750,375,1,36,0.5,0.096,-2.37,735,360,0,46,0.4898,0.1227,-12.39,14.19,8.24,942.0,0.0,20.0,0.0,381.0,1.096
DCA,2022-12-23,2022,12,415,123,2,146,0.2964,0.5,47.25,414,127,1,177,0.3068,0.6167,62.86,23.85,10.65,4081.0,1325.0,3033.0,0.0,7637.0,1.0928
ORD,2024-06-25,2024,6,808,107,3,580,0.1324,0.8274,119.7,809,100,29,532,0.1236,0.7504,119.44,38.35,18.39,16050.0,18184.0,16227.0,0.0,43036.0,1.0922
DCA,2016-01-22,2016,1,228,98,1,30,0.4298,0.2308,11.99,227,142,2,16,0.6256,0.1882,2.07,21.16,6.25,452.0,373.0,848.0,0.0,468.0,1.0904
JFK,2022-12-23,2022,12,387,91,5,181,0.2351,0.6115,51.88,386,84,0,170,0.2176,0.5629,73.11,25.9,20.83,6919.0,2966.0,2856.0,0.0,3203.0,1.0817
PIT,2020-04-05,2020,4,109,54,0,5,0.4954,0.0909,3.29,109,51,0,2,0.4679,0.0345,-15.12,10.2,5.03,505.0,0.0,6.0,0.0,20.0,1.0817
DCA,2020-04-03,2020,4,343,180,0,5,0.5248,0.0307,-7.21,343,178,0,8,0.519,0.0485,-17.22,12.9,4.75,44.0,0.0,0.0,0.0,66.0,1.0803
ORD,2020-04-01,2020,4,778,407,0,11,0.5231,0.0296,-5.82,762,381,0,14,0.5,0.0367,-22.1,15.05,9.3,501.0,0.0,26.0,0.0,36.0,1.0758
DCA,2020-04-01,2020,4,344,173,0,11,0.5029,0.0643,-3.61,346,178,0,5,0.5145,0.0298,-15.83,12.63,5.39,405.0,0.0,0.0,0.0,86.0,1.0701
JFK,2020-04-05,2020,4,160,82,0,3,0.5125,0.0385,-5.51,161,82,0,4,0.5093,0.0506,-24.78,15.13,7.39,105.0,0.0,0.0,0.0,0.0,1.0635
ORD,2022-12-22,2022,12,709,199,3,254,0.2807,0.498,49.07,708,215,2,251,0.3037,0.5091,47.26,29.32,14.97,5177.0,5641.0,5787.0,0.0,12998.0,1.0594
ORD,2020-04-04,2020,4,635,321,0,14,0.5055,0.0446,-6.95,633,313,0,10,0.4945,0.0312,-24.58,14.83,8.12,65.0,0.0,15.0,0.0,18.0,1.0556
JFK,2020-04-09,2020,4,112,55,0,4,0.4911,0.0702,-2.51,110,56,0,1,0.5091,0.0185,-25.98,14.58,5.69,269.0,0.0,19.0,0.0,0.0,1.0524
DTW,2024-01-13,2024,1,270,47,1,157,0.1741,0.704,78.22,271,68,0,130,0.2509,0.6404,83.22,43.34,15.62,9892.0,3304.0,4911.0,0.0,3369.0,1.0522
PIT,2022-01-17,2022,1,111,37,0,28,0.3333,0.3784,18.05,111,13,0,30,0.1171,0.3061,19.82,36.61,8.84,877.0,23.0,931.0,0.0,481.0,1.045
BOS,2017-01-07,2017,1,219,71,3,58,0.3242,0.3919,52.68,214,95,0,67,0.4439,0.563,56.71,29.92,9.56,1105.0,2630.0,4960.0,112.0,1557.0,1.0403
JFK,2018-01-06,2018,1,278,30,2,204,0.1079,0.8226,104.12,276,30,0,164,0.1087,0.6667,84.78,27.46,24.1,8096.0,8098.0,884.0,0.0,5922.0,1.0384
BOS,2018-01-17,2018,1,387,104,0,141,0.2687,0.4982,43.11,391,70,0,216,0.179,0.6729,51.97,34.01,9.22,2445.0,510.0,4602.0,54.0,6885.0,1.0356
BOS,2022-12-23,2022,12,362,97,1,132,0.268,0.4981,42.53,363,100,2,159,0.2755,0.6046,57.69,18.51,9.02,4475.0,1222.0,2509.0,0.0,4003.0,1.0341
PIT,2020-04-30,2020,4,56,27,0,2,0.4821,0.069,-4.97,56,25,0,1,0.4464,0.0323,-12.13,12.34,5.42,35.0,0.0,31.0,0.0,18.0,1.0332
ORD,2020-04-02,2020,4,772,378,1,20,0.4896,0.0508,-4.74,772,376,0,17,0.487,0.0429,-21.42,15.94,8.97,656.0,30.0,36.0,0.0,86.0,1.03
PIT,2022-12-25,2022,12,81,19,0,34,0.2346,0.5484,59.18,81,18,1,24,0.2222,0.381,28.13,26.55,6.84,1660.0,513.0,436.0,66.0,1171.0,1.0176
DTW,2016-01-10,2016,1,309,37,1,211,0.1197,0.7757,95.3,302,31,23,153,0.1026,0.5646,69.53,41.27,12.02,5430.0,7085.0,5424.0,0.0,10989.0,1.0151
JFK,2022-12-25,2022,12,264,50,0,136,0.1894,0.6355,60.04,260,56,0,98,0.2154,0.4804,45.79,21.93,13.78,7349.0,488.0,689.0,0.0,2638.0,1.0143
BOS,2023-12-18,2023,12,357,70,2,177,0.1961,0.6167,94.87,358,70,26,188,0.1955,0.6528,105.07,19.93,8.65,3015.0,3236.0,1146.0,0.0,16880.0,1.0089
DCA,2020-04-27,2020,4,129,63,0,2,0.4884,0.0303,-7.5,127,60,0,1,0.4724,0.0149,-19.97,11.89,3.69,46.0,0.0,0.0,0.0,0.0,1.0071
DCA,2020-04-07,2020,4,211,102,0,4,0.4834,0.0367,-7.97,207,102,0,2,0.4928,0.019,-19.31,11.38,3.92,39.0,0.0,18.0,0.0,29.0,1.0035
JFK,2018-01-12,2018,1,348,99,4,108,0.2845,0.4337,52.59,348,94,12,163,0.2701,0.6417,105.44,39.68,11.27,5748.0,82.0,2976.0,44.0,4119.0,1.0027
JFK,2024-01-16,2024,1,302,62,2,142,0.2053,0.5917,64.94,303,57,1,155,0.1881,0.6301,68.02,54.25,16.13,4769.0,5015.0,8769.0,0.0,5065.0,1.0023
PIT,2020-04-22,2020,4,52,25,0,1,0.4808,0.037,-5.33,52,21,0,3,0.4038,0.0968,-9.48,13.22,5.29,0.0,0.0,74.0,0.0,32.0,0.9986
BOS,2024-01-16,2024,1,323,65,2,153,0.2012,0.593,67.06,323,62,1,192,0.192,0.7356,104.85,54.61,12.56,4926.0,4252.0,11403.0,141.0,6936.0,0.9954
DCA,2020-04-09,2020,4,199,95,0,4,0.4774,0.0385,-5.8,198,95,1,4,0.4798,0.0388,-22.78,12.33,4.11,256.0,0.0,83.0,0.0,121.0,0.9933
BOS,2020-04-04,2020,4,184,90,0,1,0.4891,0.0106,-6.47,186,86,0,3,0.4624,0.03,-17.97,11.99,6.37,37.0,0.0,0.0,0.0,0.0,0.9888
PIT,2020-04-04,2020,4,89,43,0,1,0.4831,0.0217,-6.85,88,44,0,1,0.5,0.0227,-17.61,9.76,5.09,0.0,0.0,0.0,0.0,0.0,0.9879
JFK,2024-06-30,2024,6,353,103,1,101,0.2918,0.404,55.3,354,102,8,131,0.2881,0.5198,89.63,46.3,12.95,5175.0,1408.0,8409.0,0.0,4447.0,0.9876
DCA,2018-01-12,2018,1,386,73,2,190,0.1891,0.607,74.95,386,66,29,211,0.171,0.6594,76.27,18.63,8.5,2122.0,646.0,2456.0,0.0,17132.0,0.9852
PIT,2020-04-24,2020,4,53,25,0,1,0.4717,0.0357,-6.43,54,24,0,1,0.4444,0.0333,-16.1,12.07,5.7,0.0,0.0,19.0,0.0,0.0,0.9791
BOS,2024-01-07,2024,1,336,75,0,139,0.2232,0.5326,95.4,336,47,24,180,0.1399,0.6228,84.32,44.94,19.13,7141.0,5259.0,5378.0,0.0,12514.0,0.979
ORD,2022-12-24,2022,12,546,63,0,361,0.1154,0.7474,82.67,553,105,0,261,0.1899,0.5826,67.53,19.63,15.03,11918.0,9598.0,2085.0,0.0,12301.0,0.9782
PIT,2020-04-07,2020,4,94,44,0,2,0.4681,0.04,-3.02,91,47,1,1,0.5165,0.0227,-14.74,9.72,4.4,165.0,0.0,0.0,0.0,0.0,0.9762
ORD,2024-01-16,2024,1,634,93,0,368,0.1467,0.6802,74.18,633,107,1,312,0.169,0.5932,65.67,19.38,13.55,15494.0,5469.0,2516.0,0.0,12910.0,0.9736
BOS,2022-06-16,2022,6,411,79,0,195,0.1922,0.5873,79.42,410,85,5,217,0.2073,0.6677,79.02,35.0,22.6,3663.0,1783.0,17440.0,0.0,8817.0,0.9717
BOS,2024-12-21,2024,12,364,47,0,226,0.1291,0.7129,62.97,358,39,1,174,0.1089,0.5455,43.15,27.43,14.36,6694.0,1312.0,1626.0,83.0,9197.0,0.9711
DTW,2022-12-25,2022,12,251,45,0,126,0.1793,0.6117,47.76,248,52,0,91,0.2097,0.4643,43.26,37.85,12.61,5950.0,1714.0,1769.0,129.0,1548.0,0.9703
JFK,2020-04-11,2020,4,88,39,0,4,0.4432,0.0816,-4.88,86,40,0,0,0.4651,0.0,-30.57,13.86,5.07,42.0,0.0,9.0,0.0,0.0,0.968
DCA,2020-04-10,2020,4,194,91,1,3,0.4691,0.0291,-5.03,196,94,0,2,0.4796,0.0196,-23.35,12.16,4.0,361.0,0.0,0.0,0.0,0.0,0.9673
BOS,2016-01-23,2016,1,214,74,1,38,0.3458,0.2714,40.35,204,74,4,72,0.3627,0.5538,45.31,30.28,16.76,1266.0,3473.0,1538.0,14.0,583.0,0.963
BOS,2020-04-05,2020,4,216,99,0,5,0.4583,0.0427,-7.02,216,96,0,2,0.4444,0.0167,-23.18,12.47,5.8,99.0,0.0,47.0,0.0,0.0,0.9593
JFK,2020-04-16,2020,4,64,28,0,3,0.4375,0.0833,-4.14,59,22,0,2,0.3729,0.0541,-33.89,15.11,6.51,118.0,0.0,36.0,0.0,0.0,0.9583
PIT,2020-04-02,2020,4,114,51,0,4,0.4474,0.0635,2.43,114,55,0,4,0.4825,0.0678,-5.19,12.14,5.54,295.0,0.0,26.0,0.0,171.0,0.9583
PIT,2020-04-10,2020,4,79,36,0,2,0.4557,0.0465,-4.21,79,36,0,3,0.4557,0.0698,-11.98,17.44,4.28,88.0,0.0,39.0,0.0,3.0,0.9579
ORD,2020-04-19,2020,4,395,175,1,15,0.443,0.0682,0.95,392,171,0,12,0.4362,0.0543,-20.59,15.14,7.54,1587.0,0.0,82.0,0.0,152.0,0.9542
BOS,2023-06-27,2023,6,388,77,0,173,0.1985,0.5563,51.53,386,70,0,193,0.1813,0.6108,67.82,31.17,9.13,6610.0,261.0,5763.0,0.0,6381.0,0.9533
BOS,2023-07-14,2023,7,420,66,3,224,0.1571,0.6328,68.22,420,68,0,228,0.1619,0.6477,74.38,38.98,10.39,4679.0,2155.0,12832.0,77.0,11314.0,0.947
PIT,2020-04-17,2020,4,59,27,0,1,0.4576,0.0312,-5.78,59,26,0,1,0.4407,0.0303,-15.7,11.44,5.15,0.0,0.0,29.0,0.0,46.0,0.9464
BOS,2022-12-24,2022,12,256,39,1,139,0.1523,0.6406,62.2,252,27,0,139,0.1071,0.6178,64.17,17.71,11.02,6013.0,701.0,1371.0,0.0,4398.0,0.9452
PIT,2020-04-28,2020,4,51,24,0,0,0.4706,0.0,-9.56,51,22,0,1,0.4314,0.0345,-14.97,10.96,5.31,0.0,0.0,0.0,0.0,0.0,0.9412
ORD,2020-04-07,2020,4,533,237,0,15,0.4447,0.0507,-6.15,566,257,0,7,0.4541,0.0227,-25.09,15.03,7.74,279.0,73.0,128.0,0.0,0.0,0.9401
JFK,2023-07-14,2023,7,364,71,1,161,0.1951,0.5495,75.51,364,73,9,187,0.2005,0.6426,83.95,49.05,13.69,9347.0,1009.0,6865.0,0.0,10024.0,0.9397
PIT,2022-12-26,2022,12,110,26,0,39,0.2364,0.4643,40.96,110,25,0,38,0.2273,0.4471,47.59,26.44,8.01,1118.0,10.0,1031.0,0.0,1807.0,0.9371
ORD,2020-04-03,2020,4,767,325,0,37,0.4237,0.0837,-2.98,765,330,0,23,0.4314,0.0529,-21.1,16.23,8.96,1064.0,0.0,155.0,0.0,318.0,0.9311
PIT,2020-04-16,2020,4,58,27,0,0,0.4655,0.0,-6.32,58,29,0,0,0.5,0.0,-17.07,11.52,4.1,0.0,0.0,16.0,0.0,0.0,0.931
ORD,2020-04-18,2020,4,362,161,0,8,0.4448,0.0398,-2.39,358,158,0,11,0.4413,0.055,-18.56,13.72,7.58,892.0,0.0,0.0,0.0,34.0,0.9294
JFK,2018-01-07,2018,1,339,29,2,235,0.0855,0.7581,81.83,341,34,1,175,0.0997,0.57,55.93,23.71,15.91,11533.0,750.0,1918.0,8.0,5696.0,0.9291
JFK,2020-04-08,2020,4,101,46,0,1,0.4554,0.0182,-5.24,102,47,0,2,0.4608,0.0364,-28.65,14.29,5.93,50.0,0.0,22.0,0.0,0.0,0.929
DTW,2020-04-06,2020,4,312,116,0,36,0.3718,0.1837,8.92,313,122,0,50,0.3898,0.2618,9.36,13.7,7.27,1256.0,0.0,59.0,0.0,951.0,0.9273
JFK,2023-07-18,2023,7,365,70,0,160,0.1918,0.5424,86.88,364,67,19,157,0.1841,0.5286,88.95,36.72,18.03,7747.0,1933.0,6941.0,0.0,10238.0,0.926
JFK,2017-01-08,2017,1,258,17,11,191,0.0659,0.7925,83.27,258,23,0,153,0.0891,0.6511,71.67,33.18,15.02,3999.0,7241.0,2401.0,25.0,6281.0,0.9243
PIT,2020-04-19,2020,4,52,24,0,0,0.4615,0.0,-8.71,52,23,0,2,0.4423,0.069,-12.21,11.86,4.48,0.0,0.0,82.0,0.0,0.0,0.923
BOS,2023-06-26,2023,6,409,86,2,162,0.2103,0.5015,61.98,407,85,3,181,0.2088,0.5621,76.32,26.67,10.52,6234.0,1975.0,7038.0,0.0,6054.0,0.9221
DTW,2024-01-15,2024,1,326,34,1,207,0.1043,0.7089,76.45,327,34,0,176,0.104,0.6007,60.8,19.89,17.87,5227.0,9128.0,1681.0,62.0,5755.0,0.9175
DCA,2022-06-22,2022,6,410,138,1,66,0.3366,0.2426,43.01,410,132,3,73,0.322,0.2626,68.79,25.47,7.69,4998.0,4898.0,1966.0,0.0,1448.0,0.9158
PIT,2020-04-09,2020,4,76,32,1,3,0.4211,0.0682,0.61,76,32,0,7,0.4211,0.1591,-3.18,9.5,4.59,44.0,0.0,36.0,0.0,18.0,0.9104
ORD,2020-04-17,2020,4,400,162,0,23,0.405,0.0966,0.96,403,152,0,20,0.3772,0.0797,-17.64,17.71,7.39,1026.0,165.0,135.0,0.0,147.0,0.9066
DCA,2020-04-19,2020,4,124,56,0,0,0.4516,0.0,-9.04,123,54,0,2,0.439,0.029,-18.46,11.62,4.62,0.0,0.0,104.0,0.0,0.0,0.9032
ORD,2020-04-21,2020,4,372,163,1,5,0.4382,0.0239,-3.2,355,147,1,9,0.4141,0.0433,-19.99,14.25,7.56,797.0,0.0,15.0,0.0,38.0,0.9003
PIT,2020-04-01,2020,4,114,46,0,6,0.4035,0.0882,-3.38,110,43,0,3,0.3909,0.0448,-12.78,11.26,4.82,83.0,0.0,18.0,0.0,0.0,0.8952
PIT,2020-04-20,2020,4,53,22,0,2,0.4151,0.0645,-5.68,53,21,0,0,0.3962,0.0,-19.12,12.61,5.09,38.0,0.0,22.0,0.0,0.0,0.8947
